Link Tracking -URL Clicked,Sessions,Clicks,Package_Id,Package_Name
ckan0.cf.opendata.inter.prod-toronto.ca/dataset/80ce0bd7-adb2-4568-b9d7-712f6ba38e4e/resource/16612cb6-08e4-4043-9ff1-2c428b2ddf67/download/outbreaks in toronto healthcare institutions-2022.xls,213,243,80ce0bd7-adb2-4568-b9d7-712f6ba38e4e,outbreaks-in-toronto-healthcare-institutions
ckan0.cf.opendata.inter.prod-toronto.ca/dataset/6e19a90f-971c-46b3-852c-0c48c436d1fc/resource/f07fe8f0-fa24-4d68-8cb4-326e280b0b05/download/neighbourhood-profiles-2016-140-model.csv,104,113,6e19a90f-971c-46b3-852c-0c48c436d1fc,neighbourhood-profiles
ckan0.cf.opendata.inter.prod-toronto.ca/dataset/537923d1-a6c8-4b9c-9d55-fa47d9d7ddab/resource/a388bc08-622c-4647-bad8-ecdb7e62090a/download/automated speed enforcement - monthly charges.xlsx,75,85,537923d1-a6c8-4b9c-9d55-fa47d9d7ddab,automated-speed-enforcement-ase-charges
ckan0.cf.opendata.inter.prod-toronto.ca/dataset/2ab20f80-3599-486a-8f8a-9cb59117977c/resource/9c235257-b09f-441e-bcad-1495607f9a82/download/short-term-rental-registrations-data.csv,68,68,2ab20f80-3599-486a-8f8a-9cb59117977c,short-term-rentals-registration
ckan0.cf.opendata.inter.prod-toronto.ca/dataset/108c2bd1-6945-46f6-af92-02f5658ee7f7/resource/3238a3ef-bcdd-49f9-8d14-c3cc4ce80b36/download/active permits (csv).zip,57,60,108c2bd1-6945-46f6-af92-02f5658ee7f7,building-permits-active-permits
ckan0.cf.opendata.inter.prod-toronto.ca/dataset/21c83b32-d5a8-4106-a54f-010dbe49f6f2/resource/ffd20867-6e3c-4074-8427-d63810edf231/download/daily shelter overnight occupancy.csv,54,60,21c83b32-d5a8-4106-a54f-010dbe49f6f2,daily-shelter-overnight-service-occupancy-capacity
ckan0.cf.opendata.inter.prod-toronto.ca/dataset/1acaa8b0-f235-4df6-8305-02025ccdeb07/resource/d9a29cdd-6434-4b12-96f7-0d3071873d05/download/property boundaries (wgs84) - shapefile.zip,54,58,1acaa8b0-f235-4df6-8305-02025ccdeb07,property-boundaries
ckan0.cf.opendata.inter.prod-toronto.ca/dataset/96d35404-44d9-49d8-95bb-fb1e5489240d/resource/3ad371de-7c51-45d3-9ea4-0b4efac5fc2b/download/2022-results.zip,49,56,96d35404-44d9-49d8-95bb-fb1e5489240d,election-results-official
ckan0.cf.opendata.inter.prod-toronto.ca/dataset/7795b45e-e65a-4465-81fc-c36b9dfff169/resource/cfb6b2b8-6191-41e3-bda1-b175c51148cb/download/ttc routes and schedules data.zip,47,52,7795b45e-e65a-4465-81fc-c36b9dfff169,ttc-routes-and-schedules
ckan0.cf.opendata.inter.prod-toronto.ca/dataset/64b54586-6180-4485-83eb-81e8fae3b8fe/resource/fff4ee65-3527-43be-9a8a-cb9401377dbc/download/covid19 cases.csv,47,51,64b54586-6180-4485-83eb-81e8fae3b8fe,covid-19-cases-in-toronto
ckan0.cf.opendata.inter.prod-toronto.ca/dataset/neighbourhoods/resource/34b409a6-68ef-45f7-9cc8-c85153c1af62/download/neighbourhoods - 4326.zip,42,44,neighbourhoods,neighbourhoods
ckan0.cf.opendata.inter.prod-toronto.ca/dataset/8219e9e6-c7ad-4a36-a9d5-ddf2d86da3ae/resource/2cf0fa4e-d9ba-4b8e-83a1-67dca0d2d815/download/cleared permits current year (csv).zip,40,44,8219e9e6-c7ad-4a36-a9d5-ddf2d86da3ae,building-permits-cleared-permits-current-year
ckan0.cf.opendata.inter.prod-toronto.ca/dataset/841fb820-46d0-46ac-8dcb-d20f27e57bcc/resource/41bf97f0-da1a-46a9-ac25-5ce0078d6760/download/toronto-boundary-wgs84.zip,40,40,841fb820-46d0-46ac-8dcb-d20f27e57bcc,regional-municipal-boundary
ckan0.cf.opendata.inter.prod-toronto.ca/dataset/387b2e3b-2a76-4199-8b3b-0b7d22e2ec10/resource/c57a333a-dc6c-416e-8dd0-7b7964161720/download/3d massing (wgs84).zip,31,35,387b2e3b-2a76-4199-8b3b-0b7d22e2ec10,3d-massing
ckan0.cf.opendata.inter.prod-toronto.ca/dataset/abedd8bc-e3dd-4d45-8e69-79165a76e4fa/resource/921563fc-aeab-4e1f-82bd-c7bdae6dc26a/download/readme-address-feature-codes.txt,30,39,abedd8bc-e3dd-4d45-8e69-79165a76e4fa,address-points-municipal-toronto-one-address-repository
ckan0.cf.opendata.inter.prod-toronto.ca/dataset/6e7fceb8-3049-43bf-a4ed-0c8bacccc41f/resource/e6923e23-7d50-4b89-9ec1-983372839c99/download/cleared permits (2021 csv zip).zip,30,32,6e7fceb8-3049-43bf-a4ed-0c8bacccc41f,building-permits-cleared-permits-prior-years
ckan0.cf.opendata.inter.prod-toronto.ca/dataset/1d079757-377b-4564-82df-eb5638583bfb/resource/bff7bc30-e4c2-4267-bf04-7b23d4b6849d/download/centreline (wgs84) - shapefile.zip,30,34,1d079757-377b-4564-82df-eb5638583bfb,toronto-centreline-tcl
ckan0.cf.opendata.inter.prod-toronto.ca/dataset/2aac8903-23ff-4072-ab72-b76cac44ad89/resource/9f53c253-a47e-497f-8a07-528f7d7aad90/download/parks-wgs84.zip,28,29,2aac8903-23ff-4072-ab72-b76cac44ad89,parks
ckan0.cf.opendata.inter.prod-toronto.ca/dataset/57b2285f-4f80-45fb-ae3e-41a02c3a137f/resource/54bddc5e-92d9-4102-89c1-43e82f8f4d2d/download/business licences data.csv,28,30,57b2285f-4f80-45fb-ae3e-41a02c3a137f,municipal-licensing-and-standards-business-licences-and-permits
ckan0.cf.opendata.inter.prod-toronto.ca/dataset/5e7a8234-f805-43ac-820f-03d7c360b588/resource/35f67d86-cfc8-4483-8d77-50d035b010d9/download/25-ward-model-december-2018-wgs84-latitude-longitude.zip,28,29,5e7a8234-f805-43ac-820f-03d7c360b588,city-wards
ckan0.cf.opendata.inter.prod-toronto.ca/dataset/ea1d6e57-87af-4e23-b722-6c1f5aa18a8d/resource/c3ebef25-177b-4adc-9c47-8763b04a52fb/download/dinesafe xml feed.xml,27,43,ea1d6e57-87af-4e23-b722-6c1f5aa18a8d,dinesafe
ckan0.cf.opendata.inter.prod-toronto.ca/dataset/abedd8bc-e3dd-4d45-8e69-79165a76e4fa/resource/bdb0a332-aa84-42de-ac49-214cc68bb5ee/download/municipal address points (wgs84) - geojson.zip,27,29,abedd8bc-e3dd-4d45-8e69-79165a76e4fa,address-points-municipal-toronto-one-address-repository
ckan0.cf.opendata.inter.prod-toronto.ca/dataset/e271cdae-8788-4980-96ce-6a5c95bc6618/resource/3b3c2673-5231-4aac-8b6a-dc558dce588c/download/ttc-bus-delay-data-2022.xlsx,26,30,e271cdae-8788-4980-96ce-6a5c95bc6618,ttc-bus-delay-data
ckan0.cf.opendata.inter.prod-toronto.ca/dataset/204a7e54-8963-4e35-992e-5f21544ef595/resource/bb81bb0f-f88a-4f3e-bca7-a328154ba31b/download/ravine-natural-feature-protection-area-wgs84.zip,26,32,204a7e54-8963-4e35-992e-5f21544ef595,ravine-natural-feature-protection-area
ckan0.cf.opendata.inter.prod-toronto.ca/dataset/4ef82789-e038-44ef-a478-a8f3590c3eb1/resource/979fb513-5186-41e9-bb23-7b5cc6b89915/download/apartment building evaluation.csv,25,25,4ef82789-e038-44ef-a478-a8f3590c3eb1,apartment-building-evaluation
ckan0.cf.opendata.inter.prod-toronto.ca/dataset/6ae000e1-9899-4f6e-8e7d-96dca267db80/resource/8dd4a83e-3284-4b16-9295-c256dcf62954/download/red light camera annual charges.xlsx,25,25,6ae000e1-9899-4f6e-8e7d-96dca267db80,red-light-camera-annual-charges
ckan0.cf.opendata.inter.prod-toronto.ca/dataset/996cfe8d-fb35-40ce-b569-698d51fc683b/resource/441143ca-8194-44ce-a954-19f8141817c7/download/ttc-subway-delay-data-2022.xlsx,25,26,996cfe8d-fb35-40ce-b569-698d51fc683b,ttc-subway-delay-data
ckan0.cf.opendata.inter.prod-toronto.ca/dataset/8c233bc2-1879-44ff-a0e4-9b69a9032c54/resource/0d26a209-6e61-4154-9d70-8a6ad0e2d14d/download/parking-tickets-2020.zip,24,28,8c233bc2-1879-44ff-a0e4-9b69a9032c54,parking-tickets
ckan0.cf.opendata.inter.prod-toronto.ca/dataset/neighbourhood-crime-rates/resource/02898503-a367-4221-9e74-7addb260d110/download/neighbourhood-crime-rates - 4326.csv,23,23,neighbourhood-crime-rates,neighbourhood-crime-rates
ckan0.cf.opendata.inter.prod-toronto.ca/dataset/15a37448-b27e-44d2-9c2e-52e148c8894f/resource/767e69b4-a764-4ad9-8b74-e34620bf61de/download/wellbeing-toronto-demographics.xlsx,23,24,15a37448-b27e-44d2-9c2e-52e148c8894f,wellbeing-toronto-demographics
ckan0.cf.opendata.inter.prod-toronto.ca/dataset/ac77f532-f18b-427c-905c-4ae87ce69c93/resource/237d5eff-ba47-46c4-8717-a92a802abdf7/download/toronto-shelter-system-flow.csv,23,27,ac77f532-f18b-427c-905c-4ae87ce69c93,toronto-shelter-system-flow
ckan0.cf.opendata.inter.prod-toronto.ca/dataset/108c2bd1-6945-46f6-af92-02f5658ee7f7/resource/e335a0af-a4eb-4c4d-978f-b85d737109f4/download/active building permits readme.xls,22,27,108c2bd1-6945-46f6-af92-02f5658ee7f7,building-permits-active-permits
ckan0.cf.opendata.inter.prod-toronto.ca/dataset/0aa7e480-9b48-4919-98e0-6af7615b7809/resource/060be258-88ef-4fa3-a159-cbb60c9c1d47/download/development applications data.csv,22,23,0aa7e480-9b48-4919-98e0-6af7615b7809,development-applications
ckan0.cf.opendata.inter.prod-toronto.ca/dataset/2b44db0d-eea9-442d-b038-79335368ad5a/resource/5c1c2c06-d27f-47b7-ae82-926a6d23d76f/download/bike-share-json.json,22,29,2b44db0d-eea9-442d-b038-79335368ad5a,bike-share-toronto
ckan0.cf.opendata.inter.prod-toronto.ca/dataset/abedd8bc-e3dd-4d45-8e69-79165a76e4fa/resource/eba07dba-8645-45f8-950c-0381a0dcaa1b/download/municipal address points (wgs84) - shapefile.zip,22,23,abedd8bc-e3dd-4d45-8e69-79165a76e4fa,address-points-municipal-toronto-one-address-repository
ckan0.cf.opendata.inter.prod-toronto.ca/dataset/52182614-1f0b-42be-aca4-3f86dc8e004c/resource/b9ce282a-e3d4-4c22-a114-5fab3b8502d4/download/2022 income scenario - with subsidies.csv,21,25,52182614-1f0b-42be-aca4-3f86dc8e004c,cost-of-living-in-toronto-for-low-income-households
ckan0.cf.opendata.inter.prod-toronto.ca/dataset/traffic-volumes-at-intersections-for-all-modes/resource/71f08804-46ce-4a92-9e8f-9b0e67927ca6/download/raw-data-2020-2029.csv,21,22,traffic-volumes-at-intersections-for-all-modes,traffic-volumes-at-intersections-for-all-modes
ckan0.cf.opendata.inter.prod-toronto.ca/dataset/9a284a84-b9ff-484b-9e30-82f22c1780b9/resource/75caaa71-0a7b-4f89-a573-7cfe07c1aa3d/download/green spaces - 4326.zip,20,21,9a284a84-b9ff-484b-9e30-82f22c1780b9,green-spaces
ckan0.cf.opendata.inter.prod-toronto.ca/dataset/c01c6d71-de1f-493d-91ba-364ce64884ac/resource/7d68bb52-3285-45d7-a248-7748cb47f6ce/download/ttc-subway-shapefile-wgs84.zip,20,21,c01c6d71-de1f-493d-91ba-364ce64884ac,ttc-subway-shapefiles
ckan0.cf.opendata.inter.prod-toronto.ca/dataset/498d16dd-31cf-4d68-8ba5-a9df131accc6/resource/351fc8a7-4bc1-4213-b5a5-e5c7c297f46d/download/wellbeing-toronto-housing.xlsx,20,23,498d16dd-31cf-4d68-8ba5-a9df131accc6,wellbeing-toronto-housing
ckan0.cf.opendata.inter.prod-toronto.ca/dataset/b66466c3-69c8-4825-9c8b-04b270069193/resource/8549d588-30b0-482e-b872-b21beefdda22/download/green-p-parking-2019.json,20,33,b66466c3-69c8-4825-9c8b-04b270069193,green-p-parking
ckan0.cf.opendata.inter.prod-toronto.ca/dataset/neighbourhoods/resource/d4b0aa31-19a7-47ff-a828-6893e5c17eec/download/neighbourhoods - historical 140 - 4326.zip,20,23,neighbourhoods,neighbourhoods
ckan0.cf.opendata.inter.prod-toronto.ca/dataset/15a37448-b27e-44d2-9c2e-52e148c8894f/resource/82a63ca1-dcd3-46fa-a078-ba028b1cb8eb/download/wellbeing-toronto-population-total-2011-2016-and-age-groups-2016.xlsx,20,20,15a37448-b27e-44d2-9c2e-52e148c8894f,wellbeing-toronto-demographics
ckan0.cf.opendata.inter.prod-toronto.ca/dataset/8c233bc2-1879-44ff-a0e4-9b69a9032c54/resource/511e834f-a5d2-4f7a-bd24-51d5305ca803/download/parking-ticket-data-readme.xls,19,21,8c233bc2-1879-44ff-a0e4-9b69a9032c54,parking-tickets
ckan0.cf.opendata.inter.prod-toronto.ca/dataset/2b98b3f3-4f3a-42a4-a4e9-b44d3026595a/resource/97b8b7a4-baca-49c7-915d-335322dbcf95/download/apartment building registration data.csv,19,22,2b98b3f3-4f3a-42a4-a4e9-b44d3026595a,apartment-building-registration
ckan0.cf.opendata.inter.prod-toronto.ca/dataset/ef35ef7a-2f8f-4291-a32c-ee4c097a3e78/resource/b9101c62-0ce6-4e33-9463-16b32d353ca3/download/1985-2019 analysis of ridership.xlsx,19,19,ef35ef7a-2f8f-4291-a32c-ee4c097a3e78,ttc-ridership-analysis
"ckan0.cf.opendata.inter.prod-toronto.ca/dataset/52182614-1f0b-42be-aca4-3f86dc8e004c/resource/b0d8ba9e-3c62-4598-b089-f9241bee19e7/download/2022 income scenario - without subsidies, average rent.csv",19,22,52182614-1f0b-42be-aca4-3f86dc8e004c,cost-of-living-in-toronto-for-low-income-households
ckan0.cf.opendata.inter.prod-toronto.ca/dataset/7e876c24-177c-4605-9cef-e50dd74c617f/resource/db10a7b1-2702-481c-b7f0-0c67070104bb/download/bikeshare-ridership-2022.zip,18,20,7e876c24-177c-4605-9cef-e50dd74c617f,bike-share-toronto-ridership-data
ckan0.cf.opendata.inter.prod-toronto.ca/dataset/1acaa8b0-f235-4df6-8305-02025ccdeb07/resource/882ec6ce-3e20-409c-a5fd-c7c9018860b3/download/property boundaries (wgs84) - geojson.zip,18,22,1acaa8b0-f235-4df6-8305-02025ccdeb07,property-boundaries
ckan0.cf.opendata.inter.prod-toronto.ca/dataset/5e7a8234-f805-43ac-820f-03d7c360b588/resource/b5e891be-b64d-4d4c-8c0c-632b5203d1d7/download/city wards data - 4326.zip,18,18,5e7a8234-f805-43ac-820f-03d7c360b588,city-wards
ckan0.cf.opendata.inter.prod-toronto.ca/dataset/1d079757-377b-4564-82df-eb5638583bfb/resource/d86bdca4-ab2c-470d-80fb-34647ea0e87f/download/centreline - version 2 - 4326.zip,18,19,1d079757-377b-4564-82df-eb5638583bfb,toronto-centreline-tcl
ckan0.cf.opendata.inter.prod-toronto.ca/dataset/64a26694-01dc-4ec3-aa87-ad8509604f50/resource/1e824947-d73b-4f48-9bac-7f7f3731a6b9/download/fire incidents data.csv,17,20,64a26694-01dc-4ec3-aa87-ad8509604f50,fire-incidents
ckan0.cf.opendata.inter.prod-toronto.ca/dataset/26cbd79d-e548-4280-bc2c-a923bdfcadad/resource/92ad6273-e9ee-4d7a-af7e-5625a2dd4f07/download/tenant-notification-for-rent-reduction-2022.xlsx,17,20,26cbd79d-e548-4280-bc2c-a923bdfcadad,tenant-notification-for-rent-reduction
ckan0.cf.opendata.inter.prod-toronto.ca/dataset/84f16008-8040-40ba-844d-c1d3863b80f6/resource/0263d2a5-8b35-408c-b57b-855d57a488e2/download/tree wgs84.zip,17,18,84f16008-8040-40ba-844d-c1d3863b80f6,topographic-mapping-physical-location-of-trees
ckan0.cf.opendata.inter.prod-toronto.ca/dataset/3b471f62-dc01-4a96-bb76-f794e4c6b860/resource/92a6cb18-9b75-49ef-97d7-587f05c09454/download/neighbourhood-improvement-areas-wgs84.zip,16,18,3b471f62-dc01-4a96-bb76-f794e4c6b860,neighbourhood-improvement-areas
ckan0.cf.opendata.inter.prod-toronto.ca/dataset/61642048-56bb-4050-b7c3-f569fcf94527/resource/69419e11-2dfa-4bcc-bed0-43a9dd2d0973/download/2018 tree canopy study geodatabase.zip,16,17,61642048-56bb-4050-b7c3-f569fcf94527,forest-and-land-cover
ckan0.cf.opendata.inter.prod-toronto.ca/dataset/neighbourhoods/resource/db634f74-36c9-4caa-84be-256e304a89de/download/neighbourhoods - 4326.csv,15,17,neighbourhoods,neighbourhoods
ckan0.cf.opendata.inter.prod-toronto.ca/dataset/e9488d7c-4542-4ed0-bae6-0d99d7671093/resource/7190fb96-e649-464a-bc2e-2c9976f3af47/download/wellbeing-toronto-environment.xlsx,15,21,e9488d7c-4542-4ed0-bae6-0d99d7671093,wellbeing-toronto-environment
ckan0.cf.opendata.inter.prod-toronto.ca/dataset/6e19a90f-971c-46b3-852c-0c48c436d1fc/resource/9d2474eb-46ed-4970-9a38-b635703ed5c6/download/neighbourhood-profiles-2011-140-model.csv,15,15,6e19a90f-971c-46b3-852c-0c48c436d1fc,neighbourhood-profiles
ckan0.cf.opendata.inter.prod-toronto.ca/dataset/34927e44-fc11-4336-a8aa-a0dfb27658b7/resource/adf1a0d1-0069-4946-9f45-244ba12af24f/download/zoning area - 4326.zip,15,16,34927e44-fc11-4336-a8aa-a0dfb27658b7,zoning-by-law
ckan0.cf.opendata.inter.prod-toronto.ca/dataset/26cbd79d-e548-4280-bc2c-a923bdfcadad/resource/3b1f8b1d-ddc8-4f82-b23b-e702970978ff/download/tenant notification for rent reduction 2022.csv,15,17,26cbd79d-e548-4280-bc2c-a923bdfcadad,tenant-notification-for-rent-reduction
ckan0.cf.opendata.inter.prod-toronto.ca/dataset/traffic-volumes-at-intersections-for-all-modes/resource/1f60c668-bb8e-4e1e-ac72-3c6558a03fea/download/raw-data-2010-2019.csv,14,14,traffic-volumes-at-intersections-for-all-modes,traffic-volumes-at-intersections-for-all-modes
ckan0.cf.opendata.inter.prod-toronto.ca/dataset/b66466c3-69c8-4825-9c8b-04b270069193/resource/dba88efd-f692-4ce2-ae77-d0ec3f08bd21/download/green-p-parking-readme.xls,14,14,b66466c3-69c8-4825-9c8b-04b270069193,green-p-parking
ckan0.cf.opendata.inter.prod-toronto.ca/dataset/6ac4569e-fd37-4cbc-ac63-db3624c5f6a2/resource/05a63fed-64b9-469d-a470-558249fcba1a/download/street tree data - 4326.zip,14,15,6ac4569e-fd37-4cbc-ac63-db3624c5f6a2,street-tree-data
ckan0.cf.opendata.inter.prod-toronto.ca/dataset/ac87ebfc-d67a-4a63-9528-5474ff33cb68/resource/d2ec1ab6-abaf-47b1-ace8-36c1696d3376/download/bike network data - 4326.zip,14,16,ac87ebfc-d67a-4a63-9528-5474ff33cb68,bikeways
ckan0.cf.opendata.inter.prod-toronto.ca/dataset/8c233bc2-1879-44ff-a0e4-9b69a9032c54/resource/590e5f97-461b-4f72-b448-ef52bbfd1296/download/parking-tickets-2018.zip,13,15,8c233bc2-1879-44ff-a0e4-9b69a9032c54,parking-tickets
ckan0.cf.opendata.inter.prod-toronto.ca/dataset/c21f3bd1-e016-4469-abf5-c58bb8e8b5ce/resource/98386d1f-a126-4bde-94c3-e37612d17669/download/paramedic-services-incident-data-2017-2021.xlsx,13,14,c21f3bd1-e016-4469-abf5-c58bb8e8b5ce,paramedic-services-incident-data
ckan0.cf.opendata.inter.prod-toronto.ca/dataset/8c233bc2-1879-44ff-a0e4-9b69a9032c54/resource/91006b8a-f018-4627-9353-4dfdab71861d/download/parking-tickets-2019.zip,13,15,8c233bc2-1879-44ff-a0e4-9b69a9032c54,parking-tickets
ckan0.cf.opendata.inter.prod-toronto.ca/dataset/ac87ebfc-d67a-4a63-9528-5474ff33cb68/resource/400c7f45-b55c-48c3-9404-a48146cecf00/download/bikeways-wgs84-latitude-longitude.zip,13,14,ac87ebfc-d67a-4a63-9528-5474ff33cb68,bikeways
ckan0.cf.opendata.inter.prod-toronto.ca/dataset/6e7fceb8-3049-43bf-a4ed-0c8bacccc41f/resource/28b907c6-e5b7-407a-979e-d2de67f0653e/download/cleared permits (2019 csv zip).zip,13,14,6e7fceb8-3049-43bf-a4ed-0c8bacccc41f,building-permits-cleared-permits-prior-years
ckan0.cf.opendata.inter.prod-toronto.ca/dataset/21545630-0c50-4235-bcd4-276910a0643f/resource/4aae8208-610e-428a-8b2a-42f0d4efd6c7/download/edge of road - wgs84.zip,13,14,21545630-0c50-4235-bcd4-276910a0643f,topographic-mapping-edge-of-road
ckan0.cf.opendata.inter.prod-toronto.ca/dataset/2c83f641-7808-49ba-b80f-7011851d4e27/resource/c2fc0db0-7dcd-4c13-a54c-f39debc441bd/download/intersection file (wgs84).zip,13,13,2c83f641-7808-49ba-b80f-7011851d4e27,intersection-file-city-of-toronto
ckan0.cf.opendata.inter.prod-toronto.ca/dataset/traffic-volumes-at-intersections-for-all-modes/resource/7f1243fb-8196-459b-adb8-d9331e1d4b65/download/locations.csv,13,13,traffic-volumes-at-intersections-for-all-modes,traffic-volumes-at-intersections-for-all-modes
ckan0.cf.opendata.inter.prod-toronto.ca/dataset/8219e9e6-c7ad-4a36-a9d5-ddf2d86da3ae/resource/049217ce-11ec-4a2d-bb7c-41a9d0d58716/download/cleared permits readme.xls,13,13,8219e9e6-c7ad-4a36-a9d5-ddf2d86da3ae,building-permits-cleared-permits-current-year
ckan0.cf.opendata.inter.prod-toronto.ca/dataset/ef5a083a-5c2a-4207-9131-dfc917917069/resource/4fa94937-0c7a-46a3-8440-c94684699075/download/environmentally significant areas - 4326.zip,12,13,ef5a083a-5c2a-4207-9131-dfc917917069,environmentally-significant-areas
ckan0.cf.opendata.inter.prod-toronto.ca/dataset/6e7fceb8-3049-43bf-a4ed-0c8bacccc41f/resource/de3f3793-42a2-4292-bb0d-aae8825c3cbf/download/cleared permits (2020 csv zip).zip,12,19,6e7fceb8-3049-43bf-a4ed-0c8bacccc41f,building-permits-cleared-permits-prior-years
ckan0.cf.opendata.inter.prod-toronto.ca/dataset/e41da515-5ad1-4bc3-85ea-18ec9e55cd33/resource/647b0ba8-76da-4c76-bc1a-dd0d15f1cfed/download/heritage register data(2022).zip,12,12,e41da515-5ad1-4bc3-85ea-18ec9e55cd33,heritage-register
ckan0.cf.opendata.inter.prod-toronto.ca/dataset/traffic-volumes-at-intersections-for-all-modes/resource/d0b5e520-be00-4f2f-8601-ac25928ed40f/download/count_metadata.csv,12,13,traffic-volumes-at-intersections-for-all-modes,traffic-volumes-at-intersections-for-all-modes
ckan0.cf.opendata.inter.prod-toronto.ca/dataset/ae4e10a2-9eaf-4da4-83fb-f3731a30c124/resource/f52840c6-86f6-4db9-9eac-973b0bf9240e/download/traffic-signal-vehicle-and-pedestrian-volumes-data.xlsx,12,12,ae4e10a2-9eaf-4da4-83fb-f3731a30c124,traffic-signal-vehicle-and-pedestrian-volumes
ckan0.cf.opendata.inter.prod-toronto.ca/dataset/996cfe8d-fb35-40ce-b569-698d51fc683b/resource/3900e649-f31e-4b79-9f20-4731bbfd94f7/download/ttc-subway-delay-codes.xlsx,12,12,996cfe8d-fb35-40ce-b569-698d51fc683b,ttc-subway-delay-data
ckan0.cf.opendata.inter.prod-toronto.ca/dataset/26cbd79d-e548-4280-bc2c-a923bdfcadad/resource/41577214-c1e5-4af5-9cf7-a5d74036e94a/download/tenant notification for rent reduction-2021.xlsx,12,15,26cbd79d-e548-4280-bc2c-a923bdfcadad,tenant-notification-for-rent-reduction
ckan0.cf.opendata.inter.prod-toronto.ca/dataset/police-race-and-identity-based-data-collection-arrests-strip-searches/resource/8f0a2caf-6a94-444a-8819-197db732e0ca/download/arrests and strip searches.json,12,15,police-race-and-identity-based-data-collection-arrests-strip-searches,police-race-and-identity-based-data-collection-arrests-strip-searches
ckan0.cf.opendata.inter.prod-toronto.ca/dataset/21c83b32-d5a8-4106-a54f-010dbe49f6f2/resource/df7d621d-a7a0-4854-81b9-8a6dc29d73a6/download/daily-shelter-overnight-service-occupancy-capacity-2021.csv,12,12,21c83b32-d5a8-4106-a54f-010dbe49f6f2,daily-shelter-overnight-service-occupancy-capacity
ckan0.cf.opendata.inter.prod-toronto.ca/dataset/4b5c7a84-dea1-4137-875d-71d7f662c83f/resource/ea8eaf04-01c4-4254-a9fa-d54de8c23d15/download/pedestrian network 2019 - wgs84.zip,12,13,4b5c7a84-dea1-4137-875d-71d7f662c83f,pedestrian-network
ckan0.cf.opendata.inter.prod-toronto.ca/dataset/8217e43a-bba2-4e6c-82f5-bf6d1a52545d/resource/84572a3e-8537-4793-8a92-61107bab85f4/download/xml-feed-documentation.pdf,12,13,8217e43a-bba2-4e6c-82f5-bf6d1a52545d,ttc-real-time-next-vehicle-arrival-nvas
ckan0.cf.opendata.inter.prod-toronto.ca/dataset/7e038ff9-b616-4070-9753-6f493b2cdbb0/resource/448f9470-e1e3-4eeb-b88c-6106e6d426da/download/wellbeing-toronto-safety.xlsx,11,12,7e038ff9-b616-4070-9753-6f493b2cdbb0,wellbeing-toronto-safety
ckan0.cf.opendata.inter.prod-toronto.ca/dataset/6e19a90f-971c-46b3-852c-0c48c436d1fc/resource/dece8848-9529-4c36-8344-2d47fa152e79/download/neighbourhood-profiles-2006-140-model.csv,11,11,6e19a90f-971c-46b3-852c-0c48c436d1fc,neighbourhood-profiles
ckan0.cf.opendata.inter.prod-toronto.ca/dataset/6a62d263-632e-489b-bd3d-2adc5056beca/resource/089daef7-b737-4e9f-a8db-2c0b35ddc232/download/wellbeing-toronto-economics.xlsx,11,15,6a62d263-632e-489b-bd3d-2adc5056beca,wellbeing-toronto-economics
ckan0.cf.opendata.inter.prod-toronto.ca/dataset/8a6eceb2-821b-4961-a29d-758f3087732d/resource/9e076fe4-2f86-48d7-a6e4-93710ca715ae/download/daily shelter occupancy 2020.csv,11,13,8a6eceb2-821b-4961-a29d-758f3087732d,daily-shelter-occupancy
ckan0.cf.opendata.inter.prod-toronto.ca/dataset/6e7fceb8-3049-43bf-a4ed-0c8bacccc41f/resource/84194ee5-d18f-49e9-bf30-94a4ad35fe41/download/cleared permits (2018 csv zip).zip,11,11,6e7fceb8-3049-43bf-a4ed-0c8bacccc41f,building-permits-cleared-permits-prior-years
ckan0.cf.opendata.inter.prod-toronto.ca/dataset/police-race-and-identity-based-data-use-of-force/resource/e84fc183-6023-4d38-a441-62875a39d235/download/call for service types.json,11,20,police-race-and-identity-based-data-use-of-force,police-race-and-identity-based-data-use-of-force
ckan0.cf.opendata.inter.prod-toronto.ca/dataset/5d58e89e-ae55-4188-9d28-5c8a815f84df/resource/9dc13a7e-ddb9-405c-8506-555bbfd94d59/download/wellbeing-toronto-health.xlsx,11,11,5d58e89e-ae55-4188-9d28-5c8a815f84df,wellbeing-toronto-health
ckan0.cf.opendata.inter.prod-toronto.ca/dataset/8c233bc2-1879-44ff-a0e4-9b69a9032c54/resource/4042b925-4797-48c1-b417-475b2c0ea796/download/parking-tickets-2008.zip,11,15,8c233bc2-1879-44ff-a0e4-9b69a9032c54,parking-tickets
ckan0.cf.opendata.inter.prod-toronto.ca/dataset/ac87ebfc-d67a-4a63-9528-5474ff33cb68/resource/118add1d-33f4-4883-b709-5b6f77d774d2/download/bike network data - 4326.csv,11,11,ac87ebfc-d67a-4a63-9528-5474ff33cb68,bikeways
ckan0.cf.opendata.inter.prod-toronto.ca/dataset/108c2bd1-6945-46f6-af92-02f5658ee7f7/resource/1721a060-7bef-403e-9997-4b0e72b5a0c6/download/active permits (xml).zip,11,12,108c2bd1-6945-46f6-af92-02f5658ee7f7,building-permits-active-permits
ckan0.cf.opendata.inter.prod-toronto.ca/dataset/97c25f5b-7542-40d4-b7fa-ef46e9442016/resource/18b1ffb5-de7e-494d-87c4-73d327add430/download/monthly labour force survey database(ivt).zip,11,11,97c25f5b-7542-40d4-b7fa-ef46e9442016,labour-force-survey
ckan0.cf.opendata.inter.prod-toronto.ca/dataset/6678e1a6-d25f-4dff-b2b7-aa8f042bc2eb/resource/9ec6c37a-a388-4e45-9e6f-da6284952069/download/2018-ward-profiles-2011-2016-census-25-ward-model-data.xlsx,10,10,6678e1a6-d25f-4dff-b2b7-aa8f042bc2eb,ward-profiles-2018-25-ward-model
ckan0.cf.opendata.inter.prod-toronto.ca/dataset/a3309088-5fd4-4d34-8297-77c8301840ac/resource/043b9628-dd82-4474-b676-2cb0eb68d4d3/download/traffic camera list.csv,10,11,a3309088-5fd4-4d34-8297-77c8301840ac,traffic-cameras
ckan0.cf.opendata.inter.prod-toronto.ca/dataset/11b6b9d6-09a7-43d1-8f8a-267c83991d1b/resource/a84628ca-d0a8-4a1c-bb9e-adf9aca68a27/download/sidewalk-inventory-wgs84.zip,10,11,11b6b9d6-09a7-43d1-8f8a-267c83991d1b,sidewalk-inventory
ckan0.cf.opendata.inter.prod-toronto.ca/dataset/88a5eab7-766d-4558-826e-b0e6c4ed5507/resource/99137405-7e7b-4078-9106-e7c3df1d9fde/download/heat-alert-data-xml.xml,10,19,88a5eab7-766d-4558-826e-b0e6c4ed5507,heat-alerts-and-extreme-heat-alerts
ckan0.cf.opendata.inter.prod-toronto.ca/dataset/80ce0bd7-adb2-4568-b9d7-712f6ba38e4e/resource/2218ddf0-63cd-423d-bc09-c570ac2d414b/download/outbreaks in toronto healthcare institutions-2021.xls,10,10,80ce0bd7-adb2-4568-b9d7-712f6ba38e4e,outbreaks-in-toronto-healthcare-institutions
ckan0.cf.opendata.inter.prod-toronto.ca/dataset/7d62885b-c5fa-475b-a7ac-fb3b0a83b9dc/resource/da5bcfd6-327a-4bb5-a8e7-336f99e31a86/download/wellbeing-toronto-transportation.xlsx,10,11,7d62885b-c5fa-475b-a7ac-fb3b0a83b9dc,wellbeing-toronto-transportation
ckan0.cf.opendata.inter.prod-toronto.ca/dataset/bb408f36-6824-4158-8a12-d4efe6465959/resource/d41f54fe-7172-4f6e-ad91-3aecb0777085/download/parking lot wgs84.zip,10,11,bb408f36-6824-4158-8a12-d4efe6465959,topographic-mapping-physical-area-of-parking-lots
ckan0.cf.opendata.inter.prod-toronto.ca/dataset/8c233bc2-1879-44ff-a0e4-9b69a9032c54/resource/f1e9e1a3-cc95-4ce4-9dbe-081d9e6edc4a/download/parking-tickets-2017.zip,10,10,8c233bc2-1879-44ff-a0e4-9b69a9032c54,parking-tickets
ckan0.cf.opendata.inter.prod-toronto.ca/dataset/5da2e2e8-659e-4850-ae43-47b7f7ad6b62/resource/5633cb87-19fc-4735-82af-80ad8b48657e/download/investigation activities (csv zip).zip,10,11,5da2e2e8-659e-4850-ae43-47b7f7ad6b62,municipal-licensing-and-standards-investigation-activity
ckan0.cf.opendata.inter.prod-toronto.ca/dataset/de0bd325-626d-4808-aecf-69e1cdd169fc/resource/7f9cbc38-5b59-4f43-bcbd-93ec80e91f70/download/report request log.xls,10,13,de0bd325-626d-4808-aecf-69e1cdd169fc,report-request-log-city-council-and-its-committees
ckan0.cf.opendata.inter.prod-toronto.ca/dataset/2241becb-39a5-48fb-9d7a-b65b7a557dce/resource/442a356c-5c88-4127-a4bb-3d6b4aab490c/download/basement-flooding-by-ward.xlsx,10,12,2241becb-39a5-48fb-9d7a-b65b7a557dce,basement-flooding-by-ward
ckan0.cf.opendata.inter.prod-toronto.ca/dataset/ae8eebf8-42fe-426f-b5f8-5baa8ff0bfb8/resource/2743b9eb-efcd-4d9f-bca6-0413927488d3/download/chemical tracking data.csv,10,12,ae8eebf8-42fe-426f-b5f8-5baa8ff0bfb8,chemical-tracking-chemtrac
ckan0.cf.opendata.inter.prod-toronto.ca/dataset/c21f3bd1-e016-4469-abf5-c58bb8e8b5ce/resource/66e1dfef-3e8a-4918-85df-5eb408549694/download/paramedic-services-incident-data-readme.xlsx,10,10,c21f3bd1-e016-4469-abf5-c58bb8e8b5ce,paramedic-services-incident-data
ckan0.cf.opendata.inter.prod-toronto.ca/dataset/ec1f8fbb-0296-4eaf-a10d-c58adc0d4245/resource/63b62ca8-54de-4acb-8417-9cdf4e795424/download/communicable disease surveillance data 2022.xlsx,10,10,ec1f8fbb-0296-4eaf-a10d-c58adc0d4245,monthly-communicable-disease-surveillance-data
ckan0.cf.opendata.inter.prod-toronto.ca/dataset/578ae988-04a7-4583-a1db-4a5bcac4128f/resource/31c30640-4a69-477a-926c-4586213c7f3c/download/tcdsb - schools - 4326.zip,10,10,578ae988-04a7-4583-a1db-4a5bcac4128f,tcdsb-schools
ckan0.cf.opendata.inter.prod-toronto.ca/dataset/8c233bc2-1879-44ff-a0e4-9b69a9032c54/resource/2fbcff61-4c3b-42a7-bdc5-02fb07e728aa/download/parking-tickets-2016.zip,10,11,8c233bc2-1879-44ff-a0e4-9b69a9032c54,parking-tickets
ckan0.cf.opendata.inter.prod-toronto.ca/dataset/a3309088-5fd4-4d34-8297-77c8301840ac/resource/bd333a1d-d765-47b1-8c77-7166ba379ac1/download/traffic camera list - 4326.csv,10,11,a3309088-5fd4-4d34-8297-77c8301840ac,traffic-cameras
ckan0.cf.opendata.inter.prod-toronto.ca/dataset/b68cb71b-44a7-4394-97e2-5d2f41462a5d/resource/28547222-35fe-48b6-ac4b-ccc67d286393/download/ttc-streetcar-delay-data-2022.xlsx,9,9,b68cb71b-44a7-4394-97e2-5d2f41462a5d,ttc-streetcar-delay-data
ckan0.cf.opendata.inter.prod-toronto.ca/dataset/387b2e3b-2a76-4199-8b3b-0b7d22e2ec10/resource/74c5826a-690e-4c8f-83d2-ff1fc2fc72db/download/3d massing multipatch (wgs84).zip,9,10,387b2e3b-2a76-4199-8b3b-0b7d22e2ec10,3d-massing
ckan0.cf.opendata.inter.prod-toronto.ca/dataset/61642048-56bb-4050-b7c3-f569fcf94527/resource/0b1a8fa1-3a3a-4dd2-a10c-2a1022207de2/download/2018 land cover documentation.doc,9,10,61642048-56bb-4050-b7c3-f569fcf94527,forest-and-land-cover
ckan0.cf.opendata.inter.prod-toronto.ca/dataset/2e54bc0e-4399-4076-b717-351df5918ae7/resource/95145825-04b4-40d8-b883-9d114b5853c4/download/311 service requests 2021.zip,9,10,2e54bc0e-4399-4076-b717-351df5918ae7,311-service-requests-customer-initiated
ckan0.cf.opendata.inter.prod-toronto.ca/dataset/6e7fceb8-3049-43bf-a4ed-0c8bacccc41f/resource/a04c4aaa-214d-47ef-8d61-aed3dd0b02ff/download/cleared permits (2017 csv zip).zip,9,9,6e7fceb8-3049-43bf-a4ed-0c8bacccc41f,building-permits-cleared-permits-prior-years
ckan0.cf.opendata.inter.prod-toronto.ca/dataset/996cfe8d-fb35-40ce-b569-698d51fc683b/resource/ca43ac3d-3940-4315-889b-a9375e7b8aa4/download/ttc-subway-delay-data-readme.xlsx,9,9,996cfe8d-fb35-40ce-b569-698d51fc683b,ttc-subway-delay-data
ckan0.cf.opendata.inter.prod-toronto.ca/dataset/ebe78837-cdbc-48d8-b061-3ce3ff7a67ef/resource/7cb29c8e-1407-4919-926d-31a80fb0526c/download/toronto district school board locations - 4326.zip,9,11,ebe78837-cdbc-48d8-b061-3ce3ff7a67ef,toronto-district-school-board-locations
ckan0.cf.opendata.inter.prod-toronto.ca/dataset/7e876c24-177c-4605-9cef-e50dd74c617f/resource/ddc039f6-07fa-47a3-a707-0121ade3b307/download/bikeshare-ridership-2021.zip,9,9,7e876c24-177c-4605-9cef-e50dd74c617f,bike-share-toronto-ridership-data
ckan0.cf.opendata.inter.prod-toronto.ca/dataset/2b44db0d-eea9-442d-b038-79335368ad5a/resource/b69873a1-c180-4ccd-a970-514e434b4971/download/bike-share-gbfs-general-bikeshare-feed-specification.json,9,9,2b44db0d-eea9-442d-b038-79335368ad5a,bike-share-toronto
ckan0.cf.opendata.inter.prod-toronto.ca/dataset/9ef4b82b-bd63-4c6b-b87b-7bd04f2a2fd3/resource/af7af623-883f-418a-8d23-881ff9b32f94/download/demographics-nhs-indicators-2011.xlsx,9,10,9ef4b82b-bd63-4c6b-b87b-7bd04f2a2fd3,wellbeing-toronto-demographics-nhs-indicators
ckan0.cf.opendata.inter.prod-toronto.ca/dataset/996cfe8d-fb35-40ce-b569-698d51fc683b/resource/c6e4f5eb-6ed7-4db1-944f-87406faa5a09/download/ttc-subway-delay-data-2021.xlsx,9,9,996cfe8d-fb35-40ce-b569-698d51fc683b,ttc-subway-delay-data
ckan0.cf.opendata.inter.prod-toronto.ca/dataset/fa6ac066-adab-4ce4-a16c-0b88ef4ce2b8/resource/d294f885-e3a6-4b66-ba9c-d38e7ac29cae/download/cycling-network-plan-on-street-wgs84.zip,9,10,fa6ac066-adab-4ce4-a16c-0b88ef4ce2b8,10-year-cycling-network-plan-on-street-2016
ckan0.cf.opendata.inter.prod-toronto.ca/dataset/3fcbeed4-faff-4d19-a4b7-1bc1a16d3774/resource/6344050d-adb1-4706-a220-a4d934c1a206/download/treed area wgs84.zip,9,10,3fcbeed4-faff-4d19-a4b7-1bc1a16d3774,topographic-mapping-treed-area
ckan0.cf.opendata.inter.prod-toronto.ca/dataset/80ce0bd7-adb2-4568-b9d7-712f6ba38e4e/resource/5a0cc247-74d2-487c-8780-03af27fff2de/download/outbreaks in toronto healthcare institutions 2018.xls,9,9,80ce0bd7-adb2-4568-b9d7-712f6ba38e4e,outbreaks-in-toronto-healthcare-institutions
ckan0.cf.opendata.inter.prod-toronto.ca/dataset/6ac4569e-fd37-4cbc-ac63-db3624c5f6a2/resource/5930412c-408e-4ee3-b473-56a790c9dfb7/download/alternate file_street tree data_wgs84.csv.csv,9,9,6ac4569e-fd37-4cbc-ac63-db3624c5f6a2,street-tree-data
ckan0.cf.opendata.inter.prod-toronto.ca/dataset/6e19a90f-971c-46b3-852c-0c48c436d1fc/resource/fe8f49c5-b629-49b9-9453-7f41f0f3fdea/download/neighbourhood-profiles-2016-140-model.json,9,11,6e19a90f-971c-46b3-852c-0c48c436d1fc,neighbourhood-profiles
ckan0.cf.opendata.inter.prod-toronto.ca/dataset/police-race-and-identity-based-data-use-of-force/resource/d6dc1462-82bd-4e8d-ae22-9337b51b9ee0/download/location of occurrences.json,9,15,police-race-and-identity-based-data-use-of-force,police-race-and-identity-based-data-use-of-force
ckan0.cf.opendata.inter.prod-toronto.ca/dataset/neighbourhood-crime-rates/resource/c6606c1a-b7bd-4ce1-ac88-bf5f0b2fb98b/download/neighbourhood-crime-rates - 4326.zip,8,8,neighbourhood-crime-rates,neighbourhood-crime-rates
ckan0.cf.opendata.inter.prod-toronto.ca/dataset/6c5c9512-d923-4921-b402-b6dae827f1cc/resource/0f390075-cab6-4696-8b60-4f74383a6df5/download/ward-profiles-2016-census-data.xlsx,8,8,6c5c9512-d923-4921-b402-b6dae827f1cc,ward-profiles-2014-2018-wards
ckan0.cf.opendata.inter.prod-toronto.ca/dataset/a962dfa3-8c87-4a4e-a408-82cf1ebc50bd/resource/dbc64cce-e159-482d-88d2-1987bb11646c/download/natural-heritage-area-wgs84.zip,8,8,a962dfa3-8c87-4a4e-a408-82cf1ebc50bd,natural-heritage-system
ckan0.cf.opendata.inter.prod-toronto.ca/dataset/4a651caf-e139-41bb-b8cc-8f5e304ef3cf/resource/0687e391-9a10-4e5b-9441-88741522d7a8/download/residential front yard parking data.csv,8,8,4a651caf-e139-41bb-b8cc-8f5e304ef3cf,residential-front-yard-parking
ckan0.cf.opendata.inter.prod-toronto.ca/dataset/d3f21fec-a80d-4f29-b298-1d0660a0e55d/resource/1007f55b-448e-4a51-b461-6a41227b915f/download/covid-19-immunization-clinics - 4326.zip,8,8,d3f21fec-a80d-4f29-b298-1d0660a0e55d,covid-19-immunization-clinics
ckan0.cf.opendata.inter.prod-toronto.ca/dataset/80ce0bd7-adb2-4568-b9d7-712f6ba38e4e/resource/b3aee991-c787-4faa-bb1d-58df0795e1c4/download/outbreaks in toronto healthcare institutions 2017.xls,8,8,80ce0bd7-adb2-4568-b9d7-712f6ba38e4e,outbreaks-in-toronto-healthcare-institutions
ckan0.cf.opendata.inter.prod-toronto.ca/dataset/a3309088-5fd4-4d34-8297-77c8301840ac/resource/cf718f87-6776-4b58-bb12-15f3df913c53/download/traffic camera list - 4326.zip,8,9,a3309088-5fd4-4d34-8297-77c8301840ac,traffic-cameras
ckan0.cf.opendata.inter.prod-toronto.ca/dataset/cdf46145-7a91-4f1c-9dd1-91cd58338238/resource/1d98a2b7-8362-4fbb-bfa0-df585ad024e3/download/topgraphic-mapping-poles-wgs84.zip,8,8,cdf46145-7a91-4f1c-9dd1-91cd58338238,topographic-mapping-poles
ckan0.cf.opendata.inter.prod-toronto.ca/dataset/0f94f0a8-385d-41b9-a6a2-b4caf1a6c17e/resource/8e538d49-aef4-4fb2-9a06-bb715eafcf76/download/parking-ticket-trial-data.zip,8,12,0f94f0a8-385d-41b9-a6a2-b4caf1a6c17e,parking-ticket-trials
ckan0.cf.opendata.inter.prod-toronto.ca/dataset/6e19a90f-971c-46b3-852c-0c48c436d1fc/resource/3e7072b4-76f4-4ac6-92d4-0e58b1560986/download/neighbourhood-profiles-2001-140-model.csv,8,9,6e19a90f-971c-46b3-852c-0c48c436d1fc,neighbourhood-profiles
ckan0.cf.opendata.inter.prod-toronto.ca/dataset/6e7fceb8-3049-43bf-a4ed-0c8bacccc41f/resource/94e7009b-39c6-4831-816f-d38cee99e87b/download/cleared permits (2001-2014 csv zip).zip,8,9,6e7fceb8-3049-43bf-a4ed-0c8bacccc41f,building-permits-cleared-permits-prior-years
ckan0.cf.opendata.inter.prod-toronto.ca/dataset/84f16008-8040-40ba-844d-c1d3863b80f6/resource/c92d5bd0-089c-415b-99ec-6a5157343745/download/physical area of trees readme.xls,8,8,84f16008-8040-40ba-844d-c1d3863b80f6,topographic-mapping-physical-location-of-trees
ckan0.cf.opendata.inter.prod-toronto.ca/dataset/02e9d0b9-a7c8-45e6-9200-ba17decf65c6/resource/2641730c-d12a-425a-b922-a812bfb9edce/download/topo_sidewalk_wgs84.zip.zip,8,9,02e9d0b9-a7c8-45e6-9200-ba17decf65c6,topographic-mapping-physical-area-of-sidewalks
ckan0.cf.opendata.inter.prod-toronto.ca/dataset/earlyon-child-and-family-centres/resource/442e791c-8b95-449d-903b-38c827abd09b/download/earlyon child and family centres locations - geometry - 4326.csv,8,12,earlyon-child-and-family-centres,earlyon-child-and-family-centres
ckan0.cf.opendata.inter.prod-toronto.ca/dataset/26cbd79d-e548-4280-bc2c-a923bdfcadad/resource/1de072bf-f9ba-4369-b753-4ec9e94f6876/download/tenant-notification-for-rent-reduction-readme-file.xlsx,8,11,26cbd79d-e548-4280-bc2c-a923bdfcadad,tenant-notification-for-rent-reduction
ckan0.cf.opendata.inter.prod-toronto.ca/dataset/e271cdae-8788-4980-96ce-6a5c95bc6618/resource/94c11eb2-1465-47a2-b321-61f1e258f5a3/download/ttc-bus-delay-data-2021.xlsx,8,8,e271cdae-8788-4980-96ce-6a5c95bc6618,ttc-bus-delay-data
ckan0.cf.opendata.inter.prod-toronto.ca/dataset/8c233bc2-1879-44ff-a0e4-9b69a9032c54/resource/f8f7039f-9548-4d9c-a9fe-4d2e91015ea8/download/parking-tickets-2013.zip,8,8,8c233bc2-1879-44ff-a0e4-9b69a9032c54,parking-tickets
ckan0.cf.opendata.inter.prod-toronto.ca/dataset/8c233bc2-1879-44ff-a0e4-9b69a9032c54/resource/312bc336-1d52-445d-98a4-ea385fd89d11/download/parking-tickets-2011.zip,8,9,8c233bc2-1879-44ff-a0e4-9b69a9032c54,parking-tickets
ckan0.cf.opendata.inter.prod-toronto.ca/dataset/5e7a8234-f805-43ac-820f-03d7c360b588/resource/12a877e3-82ce-4334-ae1d-1c1f0ea3823f/download/city wards data - 4326.csv,8,9,5e7a8234-f805-43ac-820f-03d7c360b588,city-wards
ckan0.cf.opendata.inter.prod-toronto.ca/dataset/0600cad8-d024-483b-a9a8-ecfc3e32e375/resource/6184ec16-0a74-451f-9170-817141d52cf5/download/annual-energy-consumption-data-2020.xlsx,8,8,0600cad8-d024-483b-a9a8-ecfc3e32e375,annual-energy-consumption
ckan0.cf.opendata.inter.prod-toronto.ca/dataset/c6d64e9b-f85a-4084-be14-60cf18509203/resource/44a83fd9-1ecc-4853-95c3-174f765e903e/download/toronto progress portal - key metrics.csv,7,7,c6d64e9b-f85a-4084-be14-60cf18509203,toronto-s-dashboard-key-indicators
ckan0.cf.opendata.inter.prod-toronto.ca/dataset/96e9989d-eca5-4e0b-824b-9789a39aea58/resource/72906d18-e4cc-4b3f-bb1d-b26a8de11d06/download/indoor-ice-rinks-data - 4326.zip,7,7,96e9989d-eca5-4e0b-824b-9789a39aea58,indoor-ice-rinks
ckan0.cf.opendata.inter.prod-toronto.ca/dataset/8c233bc2-1879-44ff-a0e4-9b69a9032c54/resource/81c8d080-864f-4dd7-aa92-325259eb00e0/download/parking-tickets-2015.zip,7,7,8c233bc2-1879-44ff-a0e4-9b69a9032c54,parking-tickets
ckan0.cf.opendata.inter.prod-toronto.ca/dataset/central-intake-calls/resource/77d6e185-90b2-48d0-94c5-e5cf68265c92/download/central intake service queue data.csv,7,7,central-intake-calls,central-intake-calls
ckan0.cf.opendata.inter.prod-toronto.ca/dataset/de0bd325-626d-4808-aecf-69e1cdd169fc/resource/29b99916-2a54-4222-b703-42c7e515dfbe/download/report request log pdf.pdf,7,7,de0bd325-626d-4808-aecf-69e1cdd169fc,report-request-log-city-council-and-its-committees
ckan0.cf.opendata.inter.prod-toronto.ca/dataset/neighbourhoods/resource/2ab99ca3-287d-4974-8701-54a361dd9b20/download/neighbourhoods - historical 140 - 4326.csv,7,7,neighbourhoods,neighbourhoods
ckan0.cf.opendata.inter.prod-toronto.ca/dataset/8c233bc2-1879-44ff-a0e4-9b69a9032c54/resource/27059645-a22f-445d-81a9-6f4f11ac403e/download/parking-tickets-2012.zip,7,7,8c233bc2-1879-44ff-a0e4-9b69a9032c54,parking-tickets
ckan0.cf.opendata.inter.prod-toronto.ca/dataset/59de0a7d-86d0-40a3-80b8-75d213e902ab/resource/50cb5f71-2ef6-424c-831f-d09812b1800e/download/toronto economic bulletin data.xlsx,7,8,59de0a7d-86d0-40a3-80b8-75d213e902ab,toronto-economic-bulletin
ckan0.cf.opendata.inter.prod-toronto.ca/dataset/2265bfca-e845-4613-b341-70ee2ac73fbe/resource/421c8a17-4ecf-4cae-b084-ccb005ea6cc3/download/road restrictions (version 3) - json.json,7,13,2265bfca-e845-4613-b341-70ee2ac73fbe,road-restrictions
ckan0.cf.opendata.inter.prod-toronto.ca/dataset/2b44db0d-eea9-442d-b038-79335368ad5a/resource/5ee32dcb-3f4d-4dfe-a3ad-e27f2c13b5a3/download/bike-share-stations-readme.txt,7,9,2b44db0d-eea9-442d-b038-79335368ad5a,bike-share-toronto
ckan0.cf.opendata.inter.prod-toronto.ca/dataset/a6ce5495-8e2b-421a-ab11-964569416f31/resource/691ae173-22b3-44c6-b1a6-6c8de10430ad/download/fire-station-locations - 4326.zip,7,7,a6ce5495-8e2b-421a-ab11-964569416f31,fire-station-locations
ckan0.cf.opendata.inter.prod-toronto.ca/dataset/97c25f5b-7542-40d4-b7fa-ef46e9442016/resource/cdccdd49-0f9a-4033-89c7-818fa687a6d8/download/annual labour force survey database(ivt).zip,7,7,97c25f5b-7542-40d4-b7fa-ef46e9442016,labour-force-survey
"ckan0.cf.opendata.inter.prod-toronto.ca/dataset/52182614-1f0b-42be-aca4-3f86dc8e004c/resource/5cf04d72-dd7b-499c-a28a-e8aceb44f249/download/2022 income scenario - without subsidies, market rent.csv",7,10,52182614-1f0b-42be-aca4-3f86dc8e004c,cost-of-living-in-toronto-for-low-income-households
ckan0.cf.opendata.inter.prod-toronto.ca/dataset/1a106e88-f734-4179-b3fe-d690a6187a71/resource/aeda8fd7-e1d6-4d34-b62a-a7d6be10cc96/download/traffic signal - 4326.csv,7,8,1a106e88-f734-4179-b3fe-d690a6187a71,traffic-signals-tabular
ckan0.cf.opendata.inter.prod-toronto.ca/dataset/4b5c7a84-dea1-4137-875d-71d7f662c83f/resource/d546f5d1-ecc2-4237-bcc9-84000715b60a/download/toronto walkability analysis.pdf,7,7,4b5c7a84-dea1-4137-875d-71d7f662c83f,pedestrian-network
ckan0.cf.opendata.inter.prod-toronto.ca/dataset/police-race-and-identity-based-data-collection-arrests-strip-searches/resource/78ef6b68-7a88-47f9-9dab-a0f00f5d8b0d/download/arrests and strip searches.csv,7,10,police-race-and-identity-based-data-collection-arrests-strip-searches,police-race-and-identity-based-data-collection-arrests-strip-searches
ckan0.cf.opendata.inter.prod-toronto.ca/dataset/major-crime-indicators/resource/863bbdfb-a932-48b7-8a59-bf6585ef0563/download/major-crime-indicators.csv,7,7,major-crime-indicators,major-crime-indicators
ckan0.cf.opendata.inter.prod-toronto.ca/dataset/9201059e-43ed-4369-885e-0b867652feac/resource/8900fdb2-7f6c-4f50-8581-b463311ff05d/download/festivals and events json feed.json,7,13,9201059e-43ed-4369-885e-0b867652feac,festivals-events
ckan0.cf.opendata.inter.prod-toronto.ca/dataset/earlyon-child-and-family-centres/resource/f42b899b-338a-402b-a1e8-b8bb287efb83/download/earlyon child and family centres locations - geometry - 4326.zip,7,7,earlyon-child-and-family-centres,earlyon-child-and-family-centres
ckan0.cf.opendata.inter.prod-toronto.ca/dataset/f3d68e36-73d2-43af-a92d-55d843e55950/resource/1a907476-53a2-40b2-abbb-a3a32b44e33a/download/heritage-shoreline-evolution-wgs84.zip,7,10,f3d68e36-73d2-43af-a92d-55d843e55950,heritage-shoreline-evolution
ckan0.cf.opendata.inter.prod-toronto.ca/dataset/9201059e-43ed-4369-885e-0b867652feac/resource/92a0f2ad-b828-4e20-abf2-2f83027ee0f5/download/festivals-and-events-readme.xls,7,8,9201059e-43ed-4369-885e-0b867652feac,festivals-events
ckan0.cf.opendata.inter.prod-toronto.ca/dataset/3925c78a-da9e-49f2-bf08-3c5b25bad070/resource/ddd7ea40-0268-4db1-a421-6484494f8910/download/2018-ward-profiles-2011-2016-census-data.xlsx,7,7,3925c78a-da9e-49f2-bf08-3c5b25bad070,ward-profiles-2018-47-ward-model
ckan0.cf.opendata.inter.prod-toronto.ca/dataset/6678e1a6-d25f-4dff-b2b7-aa8f042bc2eb/resource/175eb6e6-06b6-4362-b150-f0c5ca62a10c/download/2018-ward-profiles-25-ward-model-geographic-areas.xlsx,7,7,6678e1a6-d25f-4dff-b2b7-aa8f042bc2eb,ward-profiles-2018-25-ward-model
ckan0.cf.opendata.inter.prod-toronto.ca/dataset/1db34737-ffad-489d-a590-9171d500d453/resource/2d0b0f40-b86a-42b2-b152-7aef966645bd/download/transit shelter data - 4326.zip,7,7,1db34737-ffad-489d-a590-9171d500d453,street-furniture-transit-shelter
ckan0.cf.opendata.inter.prod-toronto.ca/dataset/2c32f356-e0ff-4245-84ba-cc3dd71a5694/resource/eb87b012-37d5-4231-b505-0494c90f2673/download/bicycle parking map data - 4326.zip,7,8,2c32f356-e0ff-4245-84ba-cc3dd71a5694,bicycle-parking-high-capacity-outdoor
ckan0.cf.opendata.inter.prod-toronto.ca/dataset/9ef4b82b-bd63-4c6b-b87b-7bd04f2a2fd3/resource/82b7a237-e96e-4983-8be9-66ca62ea6fad/download/education-nhs-indicators-2011.xlsx,7,12,9ef4b82b-bd63-4c6b-b87b-7bd04f2a2fd3,wellbeing-toronto-demographics-nhs-indicators
ckan0.cf.opendata.inter.prod-toronto.ca/dataset/park-and-recreation-facility-projects/resource/f16dbf16-880b-43fd-8d2d-4bc7516c57c7/download/park and recreation facility projects - 4326.csv,7,7,park-and-recreation-facility-projects,park-and-recreation-facility-projects
ckan0.cf.opendata.inter.prod-toronto.ca/dataset/55076653-defc-44c8-8384-9db130337438/resource/56b89b01-e48e-4762-8eca-6d462eb9896b/download/community housing wgs84 2013.zip,7,8,55076653-defc-44c8-8384-9db130337438,toronto-community-housing-data
ckan0.cf.opendata.inter.prod-toronto.ca/dataset/8c233bc2-1879-44ff-a0e4-9b69a9032c54/resource/651f97ec-af99-4e24-94ac-0f00093aff99/download/parking-tickets-2009.zip,6,6,8c233bc2-1879-44ff-a0e4-9b69a9032c54,parking-tickets
ckan0.cf.opendata.inter.prod-toronto.ca/dataset/cc0366ae-b1ff-49b9-a79d-eb8754ef641f/resource/27ea9544-eda2-48d0-b503-2bdd4bb563cd/download/competitive call awards.xml,6,16,cc0366ae-b1ff-49b9-a79d-eb8754ef641f,competitive-call-award-results
ckan0.cf.opendata.inter.prod-toronto.ca/dataset/7dc606ab-f042-4d90-99e2-9247cb5953d2/resource/cb352fd3-7228-48f3-bac3-00c6f7c5dfa6/download/2018-voter-statistics.zip,6,7,7dc606ab-f042-4d90-99e2-9247cb5953d2,elections-voter-statistics
ckan0.cf.opendata.inter.prod-toronto.ca/dataset/91cf5765-3d3f-4d55-9eea-acb1d4222928/resource/8e5bde15-436d-45d7-b9a9-ad28992b12f2/download/2017-2021-consulting-database-xlsx.xlsx,6,6,91cf5765-3d3f-4d55-9eea-acb1d4222928,consulting-services-expenditures
ckan0.cf.opendata.inter.prod-toronto.ca/dataset/8219e9e6-c7ad-4a36-a9d5-ddf2d86da3ae/resource/385afdc7-afe7-47f4-98b2-72cb094e9686/download/cleared permits current year (xml).zip,6,8,8219e9e6-c7ad-4a36-a9d5-ddf2d86da3ae,building-permits-cleared-permits-current-year
ckan0.cf.opendata.inter.prod-toronto.ca/dataset/1cef1a34-40c0-4d9a-94a3-5106512262a8/resource/e3c1f361-1526-4986-9da5-5024522b3541/download/bicycle-trail-entrance-wgs84.zip,6,7,1cef1a34-40c0-4d9a-94a3-5106512262a8,multi-use-trail-entrances
ckan0.cf.opendata.inter.prod-toronto.ca/dataset/6678e1a6-d25f-4dff-b2b7-aa8f042bc2eb/resource/a43ec4d4-6182-42b4-b81f-6887b055307f/download/25 ward names and numbers.csv,6,6,6678e1a6-d25f-4dff-b2b7-aa8f042bc2eb,ward-profiles-2018-25-ward-model
ckan0.cf.opendata.inter.prod-toronto.ca/dataset/police-race-and-identity-based-data-use-of-force/resource/327acb91-4312-49d2-ae3d-1d5c7df05949/download/location of occurrences.csv,6,8,police-race-and-identity-based-data-use-of-force,police-race-and-identity-based-data-use-of-force
ckan0.cf.opendata.inter.prod-toronto.ca/dataset/8219e9e6-c7ad-4a36-a9d5-ddf2d86da3ae/resource/1d31c270-7b16-46ec-bdfb-0afc47880ea7/download/toronto building cleared permits readme.xls,6,6,8219e9e6-c7ad-4a36-a9d5-ddf2d86da3ae,building-permits-cleared-permits-current-year
ckan0.cf.opendata.inter.prod-toronto.ca/dataset/833937f6-e190-49a2-9835-80137cf88c41/resource/a006fda5-9d10-448c-9714-9ce3bfd9f706/download/former municipality boundaries data - 4326.zip,6,6,833937f6-e190-49a2-9835-80137cf88c41,former-municipality-boundaries
ckan0.cf.opendata.inter.prod-toronto.ca/dataset/cba07a90-984b-42d2-9131-701c8c2a9788/resource/cc418325-b3d0-4afd-ae64-ccb9b71c549c/download/death registry statistics data.csv,6,6,cba07a90-984b-42d2-9131-701c8c2a9788,death-registry-statistics
ckan0.cf.opendata.inter.prod-toronto.ca/dataset/c7be2ee7-d317-4a28-8cbe-bff1ce116b46/resource/59bbb6cc-5a27-494d-8078-f2781b22ff52/download/cultural-hotspot-points-of-interest-wgs84.zip,6,6,c7be2ee7-d317-4a28-8cbe-bff1ce116b46,cultural-hotspot-points-of-interest
ckan0.cf.opendata.inter.prod-toronto.ca/dataset/e271cdae-8788-4980-96ce-6a5c95bc6618/resource/71bb1283-7388-4d23-aa4e-0f393a80abce/download/ttc-bus-delay-data-readme.xlsx,6,6,e271cdae-8788-4980-96ce-6a5c95bc6618,ttc-bus-delay-data
ckan0.cf.opendata.inter.prod-toronto.ca/dataset/97c25f5b-7542-40d4-b7fa-ef46e9442016/resource/8326b745-59e9-4ea0-b682-bd8e694b5005/download/table of contents.xlsx,6,6,97c25f5b-7542-40d4-b7fa-ef46e9442016,labour-force-survey
ckan0.cf.opendata.inter.prod-toronto.ca/dataset/6e7fceb8-3049-43bf-a4ed-0c8bacccc41f/resource/dfe61f15-04a8-481e-a201-46c28013a514/download/cleared permits (2016 csv zip).zip,6,6,6e7fceb8-3049-43bf-a4ed-0c8bacccc41f,building-permits-cleared-permits-prior-years
ckan0.cf.opendata.inter.prod-toronto.ca/dataset/7bce9bf4-be5c-4261-af01-abfbc3510309/resource/13c405e8-f884-4950-baf8-07e0f7b0e299/download/polls data.csv,6,8,7bce9bf4-be5c-4261-af01-abfbc3510309,polls-conducted-by-the-city
ckan0.cf.opendata.inter.prod-toronto.ca/dataset/6a87b8bf-f4df-4762-b5dc-bf393336687b/resource/94c1fe59-7247-4b92-b213-950f71e04aff/download/lobbyist registry activity.zip,6,7,6a87b8bf-f4df-4762-b5dc-bf393336687b,lobbyist-registry
ckan0.cf.opendata.inter.prod-toronto.ca/dataset/ec914e83-3382-4773-bbb5-634329ac3cac/resource/68346923-a007-4a3d-be3c-600118c6f39b/download/ambulance-station-locations - 4326.zip,6,7,ec914e83-3382-4773-bbb5-634329ac3cac,ambulance-station-locations
ckan0.cf.opendata.inter.prod-toronto.ca/dataset/f2933501-0373-4734-b50c-4e4f39646180/resource/2094685c-9ed4-4970-8b52-b640048d0dc0/download/precipitation-data-2022.csv,6,6,f2933501-0373-4734-b50c-4e4f39646180,rain-gauge-locations-and-precipitation
ckan0.cf.opendata.inter.prod-toronto.ca/dataset/8c233bc2-1879-44ff-a0e4-9b69a9032c54/resource/3a4673ed-9caa-4e06-8746-a8ac36de7ed2/download/parking-tickets-2014.zip,6,6,8c233bc2-1879-44ff-a0e4-9b69a9032c54,parking-tickets
ckan0.cf.opendata.inter.prod-toronto.ca/dataset/9aeefa17-27e8-4dd9-b74d-80f7f9eb85ac/resource/a7b657eb-250a-476c-8fb9-669f8b89a34c/download/police facility locations - 4326.zip,6,6,9aeefa17-27e8-4dd9-b74d-80f7f9eb85ac,police-facility-locations
ckan0.cf.opendata.inter.prod-toronto.ca/dataset/dd979da0-c712-4aec-aec3-675d80dc7f66/resource/0183f9b8-ea1f-443d-9b0e-fff0aebfbd8a/download/impermeable-surface-wgs84.zip,6,7,dd979da0-c712-4aec-aec3-675d80dc7f66,topographic-mapping-impermeable-surface
ckan0.cf.opendata.inter.prod-toronto.ca/dataset/d9dc437d-9e5f-472f-a44f-f5ffa324c8b8/resource/78dfc088-8e33-418b-9f36-c8b66071b089/download/ranking-surface-routes.xlsx,6,7,d9dc437d-9e5f-472f-a44f-f5ffa324c8b8,ttc-ridership-all-day-weekday-for-surface-routes
ckan0.cf.opendata.inter.prod-toronto.ca/dataset/9a284a84-b9ff-484b-9e30-82f22c1780b9/resource/4467b829-625b-47ab-bcf9-898d726f3703/download/green spaces - 4326.csv,6,6,9a284a84-b9ff-484b-9e30-82f22c1780b9,green-spaces
ckan0.cf.opendata.inter.prod-toronto.ca/dataset/6e19a90f-971c-46b3-852c-0c48c436d1fc/resource/46bec89b-90bc-4545-b5d9-4e1eb7337d87/download/neighbourhood-profiles-2016-140-model.xml,6,6,6e19a90f-971c-46b3-852c-0c48c436d1fc,neighbourhood-profiles
ckan0.cf.opendata.inter.prod-toronto.ca/dataset/1a106e88-f734-4179-b3fe-d690a6187a71/resource/2305ef1f-ea25-4440-b607-86f3c4a601ec/download/traffic signal - 4326.zip,6,6,1a106e88-f734-4179-b3fe-d690a6187a71,traffic-signals-tabular
ckan0.cf.opendata.inter.prod-toronto.ca/dataset/cbea3a67-9168-4c6d-8186-16ac1a795b5b/resource/180c85e3-3803-4f34-80b2-a7367220e118/download/facilities-data.xml,6,10,cbea3a67-9168-4c6d-8186-16ac1a795b5b,parks-and-recreation-facilities
ckan0.cf.opendata.inter.prod-toronto.ca/dataset/d3f21fec-a80d-4f29-b298-1d0660a0e55d/resource/67e53439-2989-4beb-89f9-3454dc1370cc/download/covid-19-immunization-clinics - 4326.csv,6,7,d3f21fec-a80d-4f29-b298-1d0660a0e55d,covid-19-immunization-clinics
ckan0.cf.opendata.inter.prod-toronto.ca/dataset/a3309088-5fd4-4d34-8297-77c8301840ac/resource/4bb6a050-a4c7-433e-a310-c8c65899ef1c/download/traffic-cameras-readme.xls,6,6,a3309088-5fd4-4d34-8297-77c8301840ac,traffic-cameras
ckan0.cf.opendata.inter.prod-toronto.ca/dataset/a2985b19-61d0-40be-883a-8f3db3e63a67/resource/240fcaf5-0ec2-4c05-8670-85f60e9b939b/download/toronto employment survey summary tables 2020.zip,6,7,a2985b19-61d0-40be-883a-8f3db3e63a67,toronto-employment-survey-summary-tables
ckan0.cf.opendata.inter.prod-toronto.ca/dataset/88a5eab7-766d-4558-826e-b0e6c4ed5507/resource/4ee50d98-e5a1-43bf-9376-e4746c0b241f/download/heat-alert-data-json.json,6,8,88a5eab7-766d-4558-826e-b0e6c4ed5507,heat-alerts-and-extreme-heat-alerts
ckan0.cf.opendata.inter.prod-toronto.ca/dataset/7bce9bf4-be5c-4261-af01-abfbc3510309/resource/c183216d-b756-4cc4-97db-a694bfcadc6b/download/polls-data-readme.xlsx,6,7,7bce9bf4-be5c-4261-af01-abfbc3510309,polls-conducted-by-the-city
ckan0.cf.opendata.inter.prod-toronto.ca/dataset/0b6d3a00-7de1-440b-b47c-7252fd13929f/resource/ecbe6c1f-b797-43e1-b6af-a35e4b6b5ed2/download/motor vehicle collisions with ksi data - 4326.zip,6,6,0b6d3a00-7de1-440b-b47c-7252fd13929f,motor-vehicle-collisions-involving-killed-or-seriously-injured-persons
ckan0.cf.opendata.inter.prod-toronto.ca/dataset/2265bfca-e845-4613-b341-70ee2ac73fbe/resource/3afea38a-baad-4f39-b22f-d608875e1746/download/road restrictions (version 3) - xml.xml,6,6,2265bfca-e845-4613-b341-70ee2ac73fbe,road-restrictions
ckan0.cf.opendata.inter.prod-toronto.ca/dataset/c01b9ad1-0720-4f4c-ab35-743f55756b85/resource/7140f7d3-a714-4109-912f-59e188001f00/download/adult education upgrading - 4326.csv,6,6,c01b9ad1-0720-4f4c-ab35-743f55756b85,wellbeing-youth-adult-education-upgrading
ckan0.cf.opendata.inter.prod-toronto.ca/dataset/3925c78a-da9e-49f2-bf08-3c5b25bad070/resource/0dc9780f-fa3f-4217-b0f6-7f978bfd3506/download/2018-ward-profiles-geographic-areas.xlsx,6,6,3925c78a-da9e-49f2-bf08-3c5b25bad070,ward-profiles-2018-47-ward-model
ckan0.cf.opendata.inter.prod-toronto.ca/dataset/ebe78837-cdbc-48d8-b061-3ce3ff7a67ef/resource/6d1fcabd-a353-44e5-a81a-0640237d1853/download/toronto district school board locations - 4326.csv,6,6,ebe78837-cdbc-48d8-b061-3ce3ff7a67ef,toronto-district-school-board-locations
ckan0.cf.opendata.inter.prod-toronto.ca/dataset/6e7fceb8-3049-43bf-a4ed-0c8bacccc41f/resource/2e055c07-6794-4bb6-8f77-8e235ab56ea2/download/cleared permits (2015 csv zip).zip,6,7,6e7fceb8-3049-43bf-a4ed-0c8bacccc41f,building-permits-cleared-permits-prior-years
ckan0.cf.opendata.inter.prod-toronto.ca/dataset/ac87ebfc-d67a-4a63-9528-5474ff33cb68/resource/88dc8439-40d6-436c-b584-18447346a9a8/download/historical-bike-trails-wgs84.zip,6,6,ac87ebfc-d67a-4a63-9528-5474ff33cb68,bikeways
ckan0.cf.opendata.inter.prod-toronto.ca/dataset/8c233bc2-1879-44ff-a0e4-9b69a9032c54/resource/6167002f-4a67-47f2-8250-c42fe6bb896d/download/parking-tickets-2010.zip,6,6,8c233bc2-1879-44ff-a0e4-9b69a9032c54,parking-tickets
ckan0.cf.opendata.inter.prod-toronto.ca/dataset/97c25f5b-7542-40d4-b7fa-ef46e9442016/resource/11bbce65-8741-4336-a344-d36dcddf0b50/download/rebased-labour-force-survey-for-city-of-toronto-excel-jan-2018.xlsx,6,6,97c25f5b-7542-40d4-b7fa-ef46e9442016,labour-force-survey
ckan0.cf.opendata.inter.prod-toronto.ca/dataset/ec53f7b2-769b-4914-91fe-a37ee27a90b3/resource/cb890861-ed20-4862-bb75-b1f9ec1e58dd/download/traffic collisions - 4326.csv,6,8,ec53f7b2-769b-4914-91fe-a37ee27a90b3,police-annual-statistical-report-traffic-collisions
ckan0.cf.opendata.inter.prod-toronto.ca/dataset/67d2f134-3030-4be2-9fac-a4e8b83c2750/resource/5f54ab3d-44d7-4e5c-9c74-91e1edecd2a1/download/campaign-contributions-2018-data.zip,6,7,67d2f134-3030-4be2-9fac-a4e8b83c2750,elections-campaign-contributions-2018-to-2021
ckan0.cf.opendata.inter.prod-toronto.ca/dataset/c7be2ee7-d317-4a28-8cbe-bff1ce116b46/resource/757d840a-352a-4522-b695-8dfb6f06dc50/download/points-of-interest - 4326.csv,6,6,c7be2ee7-d317-4a28-8cbe-bff1ce116b46,cultural-hotspot-points-of-interest
ckan0.cf.opendata.inter.prod-toronto.ca/dataset/4ab91af6-6b08-4318-aee0-87f163891e53/resource/fad575bc-b6fb-4ed9-b875-7d1b5264d6f1/download/triangular-irregular-network.zip,6,6,4ab91af6-6b08-4318-aee0-87f163891e53,triangular-irregular-network-tin
ckan0.cf.opendata.inter.prod-toronto.ca/dataset/d5c9eb90-ccb5-4567-9f5c-32913c1fda7b/resource/def4b480-55da-4e0a-9301-9c52128fe087/download/small business subclass report - 2022.xlsx,5,7,d5c9eb90-ccb5-4567-9f5c-32913c1fda7b,small-business-property-tax-subclass-eligible-properties
ckan0.cf.opendata.inter.prod-toronto.ca/dataset/7e876c24-177c-4605-9cef-e50dd74c617f/resource/f4e91cc6-b925-46bb-bb89-aab0b618d9c2/download/bikeshare-ridership-2018.zip,5,5,7e876c24-177c-4605-9cef-e50dd74c617f,bike-share-toronto-ridership-data
ckan0.cf.opendata.inter.prod-toronto.ca/dataset/4ddba232-d235-4455-b710-537c89dec7d5/resource/b55990fa-dfc7-4789-b9b9-f473b8efb6ee/download/bicycle-parking-racks-wgs84.zip,5,6,4ddba232-d235-4455-b710-537c89dec7d5,bicycle-parking-racks
ckan0.cf.opendata.inter.prod-toronto.ca/dataset/cedab8dc-334a-41dd-a2c1-713e77d7bceb/resource/9bbc30ed-8908-4515-b83a-5e7b3a85a13e/download/wellbeing-toronto-recreation.xlsx,5,5,cedab8dc-334a-41dd-a2c1-713e77d7bceb,wellbeing-toronto-recreation
ckan0.cf.opendata.inter.prod-toronto.ca/dataset/b66466c3-69c8-4825-9c8b-04b270069193/resource/31abc7f3-0796-42d9-9ed2-22d216ae338b/download/green-p-parking-2015.json,5,6,b66466c3-69c8-4825-9c8b-04b270069193,green-p-parking
ckan0.cf.opendata.inter.prod-toronto.ca/dataset/0d1fb545-d1b2-4e0a-b87f-d8a1835e5d85/resource/5442522b-d158-44ed-921d-132f7c2274fe/download/summary-suspected-opioid-overdoses-in-shelters.csv,5,6,0d1fb545-d1b2-4e0a-b87f-d8a1835e5d85,fatal-and-non-fatal-suspected-opioid-overdoses-in-the-shelter-system
ckan0.cf.opendata.inter.prod-toronto.ca/dataset/7e876c24-177c-4605-9cef-e50dd74c617f/resource/f725ec3b-4f5c-4013-8a39-a512c44b44ba/download/bikeshare-ridership-2019.zip,5,5,7e876c24-177c-4605-9cef-e50dd74c617f,bike-share-toronto-ridership-data
ckan0.cf.opendata.inter.prod-toronto.ca/dataset/7f5232d6-0d2a-4f95-864a-417cbf341cc4/resource/373390e9-af88-4b58-a6a4-6863e3606a4b/download/member-voting-record-2018-2022.csv,5,6,7f5232d6-0d2a-4f95-864a-417cbf341cc4,members-of-toronto-city-council-voting-record
ckan0.cf.opendata.inter.prod-toronto.ca/dataset/1d079757-377b-4564-82df-eb5638583bfb/resource/4dec5884-a5cf-49e7-b562-f835150dc0b1/download/centreline - version 2 - 4326.csv,5,6,1d079757-377b-4564-82df-eb5638583bfb,toronto-centreline-tcl
ckan0.cf.opendata.inter.prod-toronto.ca/dataset/c7be2ee7-d317-4a28-8cbe-bff1ce116b46/resource/1ba704d4-6d22-498c-8d08-a9cb0cc20687/download/points-of-interest - 4326.zip,5,5,c7be2ee7-d317-4a28-8cbe-bff1ce116b46,cultural-hotspot-points-of-interest
ckan0.cf.opendata.inter.prod-toronto.ca/dataset/17bf9ed3-aa5f-4932-9335-a560db0fea93/resource/e0d56047-8d92-42f9-93d9-2daca33384d0/download/swms-curbside-collection-daytime-readme.xls,5,5,17bf9ed3-aa5f-4932-9335-a560db0fea93,solid-waste-daytime-curbside-collection-areas
ckan0.cf.opendata.inter.prod-toronto.ca/dataset/71e6c206-96e1-48f1-8f6f-0e804687e3be/resource/dfe3dc72-df0e-4d44-9dfd-f5dd14a4f679/download/street furniture-bicycle parking data - 4326.zip,5,5,71e6c206-96e1-48f1-8f6f-0e804687e3be,street-furniture-bicycle-parking
ckan0.cf.opendata.inter.prod-toronto.ca/dataset/37a3c911-0813-4e87-90ed-3b9fa6156a63/resource/8e6b9347-63a8-4dac-91fb-a6491a8c1e5a/download/heritage conservation districts data(2022).zip,5,5,37a3c911-0813-4e87-90ed-3b9fa6156a63,heritage-conservation-districts
ckan0.cf.opendata.inter.prod-toronto.ca/dataset/996cfe8d-fb35-40ce-b569-698d51fc683b/resource/e2ee9f63-3130-4d6a-a259-ce79c9c2f1bc/download/ttc-subway-delay-may-december-2017.xlsx,5,5,996cfe8d-fb35-40ce-b569-698d51fc683b,ttc-subway-delay-data
ckan0.cf.opendata.inter.prod-toronto.ca/dataset/34927e44-fc11-4336-a8aa-a0dfb27658b7/resource/aa11a6f1-17fd-49b7-bbe4-f381bbc36f94/download/zoning_readme.txt,5,7,34927e44-fc11-4336-a8aa-a0dfb27658b7,zoning-by-law
ckan0.cf.opendata.inter.prod-toronto.ca/dataset/0f94f0a8-385d-41b9-a6a2-b4caf1a6c17e/resource/9fa9f6e1-ee2f-40db-90ef-15a2c0fcbc0e/download/parking-ticket-trial-readme.txt,5,7,0f94f0a8-385d-41b9-a6a2-b4caf1a6c17e,parking-ticket-trials
ckan0.cf.opendata.inter.prod-toronto.ca/dataset/7e876c24-177c-4605-9cef-e50dd74c617f/resource/98b63ba7-24ba-41da-a788-1c28d21a39d1/download/bikeshare-ridership-2017.zip,5,5,7e876c24-177c-4605-9cef-e50dd74c617f,bike-share-toronto-ridership-data
ckan0.cf.opendata.inter.prod-toronto.ca/dataset/642efeca-1258-4c23-8e86-d9affca26001/resource/d2ef6a60-f1e3-4410-8f41-8ede09444322/download/stationary sign locations - 4326.zip,5,5,642efeca-1258-4c23-8e86-d9affca26001,school-safety-zone-watch-your-speed-program-locations
ckan0.cf.opendata.inter.prod-toronto.ca/dataset/91cf5765-3d3f-4d55-9eea-acb1d4222928/resource/09ded087-6958-4487-81b4-33e1e4ce1954/download/2012-2016-consulting-database-xlsx.xlsx,5,6,91cf5765-3d3f-4d55-9eea-acb1d4222928,consulting-services-expenditures
ckan0.cf.opendata.inter.prod-toronto.ca/dataset/26cbd79d-e548-4280-bc2c-a923bdfcadad/resource/9833f389-1229-45d1-91ae-5b75ba06a7c3/download/tenant notification for rent reduction-2020.xlsx,5,5,26cbd79d-e548-4280-bc2c-a923bdfcadad,tenant-notification-for-rent-reduction
ckan0.cf.opendata.inter.prod-toronto.ca/dataset/4159ba03-96f4-460e-be36-f49f81c3d346/resource/9377ab41-22ec-4818-95d1-181402f37270/download/development pipeline (2020).xlsx,5,5,4159ba03-96f4-460e-be36-f49f81c3d346,development-pipeline-summary-tables
ckan0.cf.opendata.inter.prod-toronto.ca/dataset/7e876c24-177c-4605-9cef-e50dd74c617f/resource/e534141d-92c6-4dd7-8ba1-bb061674d943/download/bikeshare-ridership-2020.zip,5,5,7e876c24-177c-4605-9cef-e50dd74c617f,bike-share-toronto-ridership-data
ckan0.cf.opendata.inter.prod-toronto.ca/dataset/6f20e59a-1dd9-4a1d-ae9b-ba56a126c7f5/resource/bb31a820-f516-4abb-8ac2-e24f9f300a9a/download/community-grants-allocations-2021.xlsx,5,5,6f20e59a-1dd9-4a1d-ae9b-ba56a126c7f5,community-grants-allocations
ckan0.cf.opendata.inter.prod-toronto.ca/dataset/26cbd79d-e548-4280-bc2c-a923bdfcadad/resource/22428bf6-561b-453f-b5a4-3f5866c58e65/download/tenant-notification-for-rent-reduction-2017.xlsx,5,5,26cbd79d-e548-4280-bc2c-a923bdfcadad,tenant-notification-for-rent-reduction
ckan0.cf.opendata.inter.prod-toronto.ca/dataset/c4052ff7-a09d-4eaf-84e6-6669519f413d/resource/05f7edf5-df38-4ca8-b46d-fcd40b10c0e6/download/bodysafe - 4326.csv,5,5,c4052ff7-a09d-4eaf-84e6-6669519f413d,bodysafe
ckan0.cf.opendata.inter.prod-toronto.ca/dataset/23031eb3-d526-48d9-a9b7-856acd908653/resource/41354c69-8387-46af-9113-dab96964d177/download/web-analytics-weekly-report.zip,5,6,23031eb3-d526-48d9-a9b7-856acd908653,web-analytics
ckan0.cf.opendata.inter.prod-toronto.ca/dataset/965247c0-c72e-49b4-bb1a-879cf98e1a32/resource/e9c9b93c-cf77-4090-bb20-139b2534979a/download/places of interest and attractions - 4326.zip,5,5,965247c0-c72e-49b4-bb1a-879cf98e1a32,places-of-interest-and-toronto-attractions
